TimeStamp,Time,Framecount,Date,TimeSinceLastEvent,PupilTime,UnityToPupilTimeOffset,GameId,RightControllerMain,MirrorEffect,EyePatch,PrismEffect,DualTask,HitPositionWorldX,HitPositionWorldY,HitPositionWorldZ,ControllerSmoothed,ControllerAimAssistState,LastShotControllerRawPointingDirectionX,LastShotControllerRawPointingDirectionY,LastShotControllerRawPointingDirectionZ,LastShotControllerFilteredPointingDirectionX,LastShotControllerFilteredPointingDirectionY,LastShotControllerFilteredPointingDirectionZ,ParticipantId,TestId,GameState,GameDuration,GameSpeed,GameTimeSpent,GameTimeLeft,WallRowCount,WallColumnCount,WallSizeX,WallSizeY,WallSizeZ,WallCurveRatioX,WallCurveRatioY,PlayedPattern,Event,EventType,MolePositionWorldX,MolePositionWorldY,MolePositionWorldZ,MolePositionLocalX,MolePositionLocalY,MolePositionLocalZ,MoleSize,MoleLifeTime,MoleActivatedDuration,MoleId,MoleIndexX,MoleIndexY,MoleNormalizedIndexX,MoleNormalizedIndexY,MoleSurfaceHitLocationX,MoleSurfaceHitLocationY,RightControllerPosWorldX,RightControllerPosWorldY,RightControllerPosWorldZ,RightControllerRotEulerX,RightControllerRotEulerY,RightControllerRotEulerZ,RightControllerPosTravelX,RightControllerPosTravelY,RightControllerPosTravelZ,RightControllerRotTravelX,RightControllerRotTravelY,RightControllerRotTravelZ,HeadCameraPosWorldX,HeadCameraPosWorldY,HeadCameraPosWorldZ,HeadCameraRotEulerX,HeadCameraRotEulerY,HeadCameraRotEulerZ,HeadCameraRotTravelX,HeadCameraRotTravelY,HeadCameraRotTravelZ,LeftControllerPosWorldX,LeftControllerPosWorldY,LeftControllerPosWorldZ,LeftControllerRotEulerX,LeftControllerRotEulerY,LeftControllerRotEulerZ,LeftControllerPosTravelX,LeftControllerPosTravelY,LeftControllerPosTravelZ,LeftControllerRotTravelX,LeftControllerRotTravelY,LeftControllerRotTravelZ,LeftControllerLaserPosWorldX,LeftControllerLaserPosWorldY,LeftControllerLaserPosWorldZ,LeftControllerLaserRotEulerX,LeftControllerLaserRotEulerY,LeftControllerLaserRotEulerZ,LeftControllerLaserPosTravelX,LeftControllerLaserPosTravelY,LeftControllerLaserPosTravelZ,RightControllerLaserPosWorldX,RightControllerLaserPosWorldY,RightControllerLaserPosWorldZ,RightControllerLaserRotEulerX,RightControllerLaserRotEulerY,RightControllerLaserRotEulerZ,RightControllerLaserPosTravelX,RightControllerLaserPosTravelY,RightControllerLaserPosTravelZ,CurrentMoleToHitId,CurrentMoleToHitIndexX,CurrentMoleToHitIndexY,CurrentMoleToHitPositionWorldX,CurrentMoleToHitPositionWorldY,CurrentMoleToHitPositionWorldZ,CurrentMoleToHitPositionLocalX,CurrentMoleToHitPositionLocalY,CurrentMoleToHitPositionLocalZ
2020-09-29 10:50:59.8079,10:50:59.8079,5206,2020-09-29,60.2949,429403.579976,429338.91606598,0020200929104957,False,False,None,0.0000,False,NULL,NULL,NULL,True,None,NULL,NULL,NULL,NULL,NULL,NULL,0,0,Stopped,60.0000,Normal,NULL,NULL,7,9,5.0000,3.2000,3.0000,0.6000,0.4000,None,Game Started,GameEvent,NULL,NULL,NULL,NULL,NULL,NULL,NULL,NULL,NULL,NULL,NULL,NULL,NULL,NULL,NULL,NULL,NULL,NULL,NULL,NULL,NULL,NULL,NULL,NULL,NULL,NULL,NULL,NULL,NULL,NULL,NULL,NULL,NULL,NULL,NULL,NULL,NULL,NULL,NULL,NULL,NULL,NULL,NULL,NULL,NULL,NULL,NULL,NULL,NULL,NULL,NULL,NULL,NULL,NULL,NULL,NULL,NULL,NULL,NULL,NULL,NULL,NULL,NULL,NULL,NULL,NULL,NULL,NULL,NULL,NULL,NULL,NULL,NULL,NULL,NULL,NULL
2020-09-29 10:51:02.8727,10:51:02.8737,5330,2020-09-29,3.0504,429406.645919,429338.91606598,0020200929104957,False,False,None,0.0000,False,NULL,NULL,NULL,True,None,NULL,NULL,NULL,NULL,NULL,NULL,0,0,Playing,60.0000,Normal,3.0262,56.9738,7,9,5.0000,3.2000,3.0000,0.6000,0.4000,None,Fake Mole Spawned,MoleEvent,0.9727,1.8500,6.4671,0.9727,0.0000,5.9171,0.5868,4.0000,NULL,0604,6,4,0.6250,0.5000,NULL,NULL,0.0626,1.1016,1.2903,355.7896,341.8163,344.0794,0.0007,0.0001,0.0001,0.0173,0.1408,0.0445,0.0345,1.5188,0.9045,354.2574,15.1637,358.0361,0.0842,0.8032,0.1068,0.0000,0.0000,0.0000,0.0000,0.0000,0.0000,0.0000,0.0000,0.0000,0.0000,0.0000,0.0000,0.0000,0.0000,0.0000,0.0000,0.0000,0.0000,0.0000,0.0000,0.0000,-1.6358,1.5068,6.4176,355.7896,341.8163,344.0794,0.0064,0.0079,0.0011,NULL,NULL,NULL,NULL,NULL,NULL,NULL,NULL,NULL
2020-09-29 10:51:05.3457,10:51:05.3457,5424,2020-09-29,2.4764,429409.118559,429338.91606598,0020200929104957,False,False,None,0.0000,False,NULL,NULL,NULL,True,None,NULL,NULL,NULL,NULL,NULL,NULL,0,0,Playing,60.0000,Normal,5.4965,54.5035,7,9,5.0000,3.2000,3.0000,0.6000,0.4000,None,Mole Spawned,MoleEvent,2.7060,1.0184,5.7657,2.7060,-0.8316,5.2157,0.5506,4.0000,NULL,0803,8,3,0.8750,0.3333,NULL,NULL,0.0764,1.1019,1.2904,354.7087,345.7695,341.4057,0.0001,0.0000,0.0001,0.0038,0.0227,0.0426,0.0275,1.5176,0.9149,355.4662,7.3926,358.7540,0.4970,0.2140,0.1054,0.0000,0.0000,0.0000,0.0000,0.0000,0.0000,0.0000,0.0000,0.0000,0.0000,0.0000,0.0000,0.0000,0.0000,0.0000,0.0000,0.0000,0.0000,0.0000,0.0000,0.0000,-1.2561,1.6020,6.5267,354.7087,345.7695,341.4057,0.0046,0.0009,0.0013,NULL,NULL,NULL,NULL,NULL,NULL,NULL,NULL,NULL
2020-09-29 10:51:06.8757,10:51:06.8757,5489,2020-09-29,1.5313,429410.648081,429338.91606598,0020200929104957,False,False,None,0.0000,False,NULL,NULL,NULL,True,None,NULL,NULL,NULL,NULL,NULL,NULL,0,0,Playing,60.0000,Normal,7.0358,52.9642,7,9,5.0000,3.2000,3.0000,0.6000,0.4000,None,Fake Mole Expired,MoleEvent,0.9727,1.8500,6.4671,0.9727,0.0000,5.9171,0.5868,4.0000,NULL,0604,6,4,0.6250,0.5000,NULL,NULL,0.2440,1.1379,1.1990,0.3010,26.2453,330.5092,0.0012,0.0005,0.0010,0.1336,1.1331,0.7597,0.0454,1.4965,0.9255,8.2005,26.5482,357.6571,0.0520,0.0444,0.2768,0.0000,0.0000,0.0000,0.0000,0.0000,0.0000,0.0000,0.0000,0.0000,0.0000,0.0000,0.0000,0.0000,0.0000,0.0000,0.0000,0.0000,0.0000,0.0000,0.0000,0.0000,2.4858,1.1012,5.9328,0.3010,26.2453,330.5092,0.0152,0.0102,0.1012,0803,8,3,2.7060,1.0184,5.7657,2.7060,-0.8316,5.2157
2020-09-29 10:51:06.9963,10:51:06.9963,5494,2020-09-29,0.1213,429410.768904,429338.91606598,0020200929104957,False,False,None,0.0000,False,NULL,NULL,NULL,True,None,0.4711,-0.0263,0.8817,0.4535,-0.0163,0.8909,0,0,Playing,60.0000,Normal,7.1566,52.8434,7,9,5.0000,3.2000,3.0000,0.6000,0.4000,None,Pointer Shoot,PointerEvent,NULL,NULL,NULL,NULL,NULL,NULL,NULL,NULL,NULL,NULL,NULL,NULL,NULL,NULL,NULL,NULL,NULL,NULL,NULL,NULL,NULL,NULL,NULL,NULL,NULL,NULL,NULL,NULL,NULL,NULL,NULL,NULL,NULL,NULL,NULL,NULL,NULL,NULL,NULL,NULL,NULL,NULL,NULL,NULL,NULL,NULL,NULL,NULL,NULL,NULL,NULL,NULL,NULL,NULL,NULL,NULL,NULL,NULL,NULL,NULL,NULL,NULL,NULL,NULL,NULL,NULL,NULL,NULL,NULL,NULL,NULL,NULL,NULL,NULL,NULL,NULL
2020-09-29 10:51:07.0003,10:51:07.0003,5494,2020-09-29,0.0000,429410.772693,429338.91606598,0020200929104957,False,False,None,0.0000,False,NULL,NULL,NULL,True,None,0.4711,-0.0263,0.8817,0.4535,-0.0163,0.8909,0,0,Playing,60.0000,Normal,7.1566,52.8434,7,9,5.0000,3.2000,3.0000,0.6000,0.4000,None,Mole Hit,MoleEvent,2.7060,1.0184,5.7657,2.7060,-0.8316,5.2157,0.5271,4.0000,1.6600,0803,8,3,0.8750,0.3333,-0.0964,0.0306,0.2458,1.1339,1.1984,1.5097,28.1149,331.5037,0.0000,0.0000,0.0000,0.0000,0.0000,0.0000,0.0403,1.4969,0.9277,8.1102,26.1171,357.4893,0.0000,0.0000,0.0000,0.0000,0.0000,0.0000,0.0000,0.0000,0.0000,0.0000,0.0000,0.0000,0.0000,0.0000,0.0000,0.0000,0.0000,0.0000,0.0000,0.0000,0.0000,0.0000,0.0000,0.0000,2.6053,1.0493,5.8337,1.5097,28.1149,331.5037,0.0000,0.0000,0.0000,0803,8,3,2.7060,1.0184,5.7657,2.7060,-0.8316,5.2157
2020-09-29 10:51:07.3135,10:51:07.3135,5508,2020-09-29,0.3170,429411.086513,429338.91606598,0020200929104957,False,False,None,0.0000,False,NULL,NULL,NULL,True,None,0.4711,-0.0263,0.8817,0.4535,-0.0163,0.8909,0,0,Playing,60.0000,Normal,7.4618,52.5382,7,9,5.0000,3.2000,3.0000,0.6000,0.4000,None,Mole Spawned,MoleEvent,1.8916,3.4769,5.9637,1.8916,1.6269,5.4137,0.6368,4.0000,NULL,0706,7,6,0.7500,0.8333,NULL,NULL,0.2328,1.1493,1.1980,357.3629,25.2895,331.5633,0.0038,0.0040,0.0015,1.2365,0.9906,1.0072,0.0280,1.4988,0.9339,7.0691,23.6612,357.9860,0.5028,0.9366,0.1060,0.0000,0.0000,0.0000,0.0000,0.0000,0.0000,0.0000,0.0000,0.0000,0.0000,0.0000,0.0000,0.0000,0.0000,0.0000,0.0000,0.0000,0.0000,0.0000,0.0000,0.0000,2.5950,1.2992,6.0051,357.3629,25.2895,331.5633,0.0244,0.0924,0.1447,0803,8,3,2.7060,1.0184,5.7657,2.7060,-0.8316,5.2157
2020-09-29 10:51:08.4405,10:51:08.4405,5556,2020-09-29,1.1270,429412.212746,429338.91606598,0020200929104957,False,False,None,0.0000,False,NULL,NULL,NULL,True,None,0.3266,0.3847,0.8633,0.3092,0.3957,0.8647,0,0,Playing,60.0000,Normal,8.6010,51.3990,7,9,5.0000,3.2000,3.0000,0.6000,0.4000,None,Pointer Shoot,PointerEvent,NULL,NULL,NULL,NULL,NULL,NULL,NULL,NULL,NULL,NULL,NULL,NULL,NULL,NULL,NULL,NULL,NULL,NULL,NULL,NULL,NULL,NULL,NULL,NULL,NULL,NULL,NULL,NULL,NULL,NULL,NULL,NULL,NULL,NULL,NULL,NULL,NULL,NULL,NULL,NULL,NULL,NULL,NULL,NULL,NULL,NULL,NULL,NULL,NULL,NULL,NULL,NULL,NULL,NULL,NULL,NULL,NULL,NULL,NULL,NULL,NULL,NULL,NULL,NULL,NULL,NULL,NULL,NULL,NULL,NULL,NULL,NULL,NULL,NULL,NULL,NULL
2020-09-29 10:51:08.4525,10:51:08.4525,5556,2020-09-29,0.0000,429412.225498,429338.91606598,0020200929104957,False,False,None,0.0000,False,NULL,NULL,NULL,True,None,0.3266,0.3847,0.8633,0.3092,0.3957,0.8647,0,0,Playing,60.0000,Normal,8.6010,51.3990,7,9,5.0000,3.2000,3.0000,0.6000,0.4000,None,Mole Hit,MoleEvent,1.8916,3.4769,5.9637,1.8916,1.6269,5.4137,0.6366,4.0000,1.1392,0706,7,6,0.7500,0.8333,0.0255,-0.0867,0.2154,1.2120,1.2296,337.3740,20.7245,347.5843,0.0000,0.0000,0.0000,0.0000,0.0000,0.0000,0.0150,1.5232,0.9088,350.4559,17.1399,356.6636,0.0000,0.0000,0.0000,0.0000,0.0000,0.0000,0.0000,0.0000,0.0000,0.0000,0.0000,0.0000,0.0000,0.0000,0.0000,0.0000,0.0000,0.0000,0.0000,0.0000,0.0000,0.0000,0.0000,0.0000,1.9140,3.3864,5.9807,337.3740,20.7245,347.5843,0.0000,0.0000,0.0000,0706,7,6,1.8916,3.4769,5.9637,1.8916,1.6269,5.4137
2020-09-29 10:51:09.6906,10:51:09.6906,5611,2020-09-29,1.2502,429413.463685,429338.91606598,0020200929104957,False,False,None,0.0000,False,NULL,NULL,NULL,True,None,0.3266,0.3847,0.8633,0.3092,0.3957,0.8647,0,0,Playing,60.0000,Normal,9.8575,50.1425,7,9,5.0000,3.2000,3.0000,0.6000,0.4000,None,Mole Spawned,MoleEvent,1.8916,4.2011,5.6501,1.8916,2.3511,5.1001,0.6774,4.0000,NULL,0707,7,7,0.7500,1.0000,NULL,NULL,0.1449,1.1518,1.2330,355.0756,355.4571,336.3278,0.0103,0.0001,0.0021,0.2440,2.4083,1.3877,0.0101,1.4978,0.9231,6.8017,4.5337,359.8038,0.4724,1.1690,0.1324,0.0000,0.0000,0.0000,0.0000,0.0000,0.0000,0.0000,0.0000,0.0000,0.0000,0.0000,0.0000,0.0000,0.0000,0.0000,0.0000,0.0000,0.0000,0.0000,0.0000,0.0000,-0.6534,1.5254,6.6182,355.0756,355.4571,336.3278,0.1266,0.0413,0.0142,0706,7,6,1.8916,3.4769,5.9637,1.8916,1.6269,5.4137
2020-09-29 10:51:11.1998,10:51:11.1998,5663,2020-09-29,1.5091,429414.971984,429338.91606598,0020200929104957,False,False,None,0.0000,False,NULL,NULL,NULL,True,None,0.3334,0.5489,0.7665,0.3145,0.5551,0.7700,0,0,Playing,60.0000,Normal,11.3608,48.6392,7,9,5.0000,3.2000,3.0000,0.6000,0.4000,None,Pointer Shoot,PointerEvent,NULL,NULL,NULL,NULL,NULL,NULL,NULL,NULL,NULL,NULL,NULL,NULL,NULL,NULL,NULL,NULL,NULL,NULL,NULL,NULL,NULL,NULL,NULL,NULL,NULL,NULL,NULL,NULL,NULL,NULL,NULL,NULL,NULL,NULL,NULL,NULL,NULL,NULL,NULL,NULL,NULL,NULL,NULL,NULL,NULL,NULL,NULL,NULL,NULL,NULL,NULL,NULL,NULL,NULL,NULL,NULL,NULL,NULL,NULL,NULL,NULL,NULL,NULL,NULL,NULL,NULL,NULL,NULL,NULL,NULL,NULL,NULL,NULL,NULL,NULL,NULL
2020-09-29 10:51:11.2018,10:51:11.2018,5663,2020-09-29,0.0000,429414.974102,429338.91606598,0020200929104957,False,False,None,0.0000,False,NULL,NULL,NULL,True,None,0.3334,0.5489,0.7665,0.3145,0.5551,0.7700,0,0,Playing,60.0000,Normal,11.3608,48.6392,7,9,5.0000,3.2000,3.0000,0.6000,0.4000,None,Mole Hit,MoleEvent,1.8916,4.2011,5.6501,1.8916,2.3511,5.1001,0.6731,4.0000,1.5033,0707,7,7,0.7500,1.0000,0.0958,0.1258,0.2197,1.2079,1.1947,326.7059,23.5067,356.7427,0.0000,0.0000,0.0000,0.0000,0.0000,0.0000,0.0219,1.5308,0.9071,344.7906,14.6358,357.2697,0.0000,0.0000,0.0000,0.0000,0.0000,0.0000,0.0000,0.0000,0.0000,0.0000,0.0000,0.0000,0.0000,0.0000,0.0000,0.0000,0.0000,0.0000,0.0000,0.0000,0.0000,0.0000,0.0000,0.0000,1.9836,4.3215,5.5139,326.7059,23.5067,356.7427,0.0000,0.0000,0.0000,0707,7,7,1.8916,4.2011,5.6501,1.8916,2.3511,5.1001
2020-09-29 10:51:11.7414,10:51:11.7414,5686,2020-09-29,0.5413,429415.51399,429338.91606598,0020200929104957,False,False,None,0.0000,False,NULL,NULL,NULL,True,None,0.3334,0.5489,0.7665,0.3145,0.5551,0.7700,0,0,Playing,60.0000,Normal,11.8952,48.1048,7,9,5.0000,3.2000,3.0000,0.6000,0.4000,None,Mole Spawned,MoleEvent,3.3709,1.8500,5.3134,3.3709,0.0000,4.7634,0.4014,4.0000,NULL,0904,9,4,1.0000,0.5000,NULL,NULL,0.1177,1.1483,1.2080,343.3454,348.9564,5.9066,0.0003,0.0016,0.0011,1.5244,0.3228,4.5998,0.0051,1.5234,0.9114,350.1772,358.6037,356.9872,0.6346,358.3311,0.1464,0.0000,0.0000,0.0000,0.0000,0.0000,0.0000,0.0000,0.0000,0.0000,0.0000,0.0000,0.0000,0.0000,0.0000,0.0000,0.0000,0.0000,0.0000,0.0000,0.0000,0.0000,-0.6776,2.9644,6.5112,343.3454,348.9564,5.9066,0.2687,0.1643,0.0172,0707,7,7,1.8916,4.2011,5.6501,1.8916,2.3511,5.1001
2020-09-29 10:51:12.8217,10:51:12.8217,5731,2020-09-29,1.0809,429416.59413,429338.91606598,0020200929104957,False,False,None,0.0000,False,NULL,NULL,NULL,True,None,0.5895,0.1247,0.7981,0.5836,0.1262,0.8021,0,0,Playing,60.0000,Normal,12.9724,47.0276,7,9,5.0000,3.2000,3.0000,0.6000,0.4000,None,Pointer Shoot,PointerEvent,NULL,NULL,NULL,NULL,NULL,NULL,NULL,NULL,NULL,NULL,NULL,NULL,NULL,NULL,NULL,NULL,NULL,NULL,NULL,NULL,NULL,NULL,NULL,NULL,NULL,NULL,NULL,NULL,NULL,NULL,NULL,NULL,NULL,NULL,NULL,NULL,NULL,NULL,NULL,NULL,NULL,NULL,NULL,NULL,NULL,NULL,NULL,NULL,NULL,NULL,NULL,NULL,NULL,NULL,NULL,NULL,NULL,NULL,NULL,NULL,NULL,NULL,NULL,NULL,NULL,NULL,NULL,NULL,NULL,NULL,NULL,NULL,NULL,NULL,NULL,NULL
2020-09-29 10:51:12.8237,10:51:12.8237,5731,2020-09-29,0.0000,429416.59715,429338.91606598,0020200929104957,False,False,None,0.0000,False,NULL,NULL,NULL,True,None,0.5895,0.1247,0.7981,0.5836,0.1262,0.8021,0,0,Playing,60.0000,Normal,12.9724,47.0276,7,9,5.0000,3.2000,3.0000,0.6000,0.4000,None,Mole Hit,MoleEvent,3.3709,1.8500,5.3134,3.3709,0.0000,4.7634,0.4004,4.0000,1.0772,0904,9,4,1.0000,0.5000,-0.0489,-0.0589,0.2896,1.1353,1.1990,352.8337,36.4498,341.6105,0.0000,0.0000,0.0000,0.0000,0.0000,0.0000,0.0458,1.5056,0.9136,1.6079,30.3793,357.4182,0.0000,0.0000,0.0000,0.0000,0.0000,0.0000,0.0000,0.0000,0.0000,0.0000,0.0000,0.0000,0.0000,0.0000,0.0000,0.0000,0.0000,0.0000,0.0000,0.0000,0.0000,0.0000,0.0000,0.0000,3.3165,1.7898,5.3593,352.8337,36.4498,341.6105,0.0000,0.0000,0.0000,0904,9,4,3.3709,1.8500,5.3134,3.3709,0.0000,4.7634
2020-09-29 10:51:13.8250,10:51:13.8250,5773,2020-09-29,0.9985,429417.597242,429338.91606598,0020200929104957,False,False,None,0.0000,False,NULL,NULL,NULL,True,None,0.5895,0.1247,0.7981,0.5836,0.1262,0.8021,0,0,Playing,60.0000,Normal,13.9804,46.0196,7,9,5.0000,3.2000,3.0000,0.6000,0.4000,None,Mole Spawned,MoleEvent,-1.8916,-0.5011,5.6501,-1.8916,-2.3511,5.1001,0.6774,4.0000,NULL,0301,3,1,0.2500,0.0000,NULL,NULL,0.1200,1.1316,1.2155,350.9397,346.9974,5.0162,0.0000,0.0003,0.0003,0.1175,0.0354,0.6977,-0.0060,1.5062,0.9153,0.8854,346.1333,358.9593,0.0287,0.7104,0.0045,0.0000,0.0000,0.0000,0.0000,0.0000,0.0000,0.0000,0.0000,0.0000,0.0000,0.0000,0.0000,0.0000,0.0000,0.0000,0.0000,0.0000,0.0000,0.0000,0.0000,0.0000,-1.0772,1.9870,6.4348,350.9397,346.9974,5.0162,0.0065,0.0052,0.0014,0904,9,4,3.3709,1.8500,5.3134,3.3709,0.0000,4.7634
2020-09-29 10:51:14.9068,10:51:14.9068,5820,2020-09-29,1.0869,429418.679638,429338.91606598,0020200929104957,False,False,None,0.0000,False,NULL,NULL,NULL,True,None,-0.3678,-0.2942,0.8822,-0.3753,-0.2964,0.8782,0,0,Playing,60.0000,Normal,15.0661,44.9339,7,9,5.0000,3.2000,3.0000,0.6000,0.4000,None,Pointer Shoot,PointerEvent,NULL,NULL,NULL,NULL,NULL,NULL,NULL,NULL,NULL,NULL,NULL,NULL,NULL,NULL,NULL,NULL,NULL,NULL,NULL,NULL,NULL,NULL,NULL,NULL,NULL,NULL,NULL,NULL,NULL,NULL,NULL,NULL,NULL,NULL,NULL,NULL,NULL,NULL,NULL,NULL,NULL,NULL,NULL,NULL,NULL,NULL,NULL,NULL,NULL,NULL,NULL,NULL,NULL,NULL,NULL,NULL,NULL,NULL,NULL,NULL,NULL,NULL,NULL,NULL,NULL,NULL,NULL,NULL,NULL,NULL,NULL,NULL,NULL,NULL,NULL,NULL
2020-09-29 10:51:14.9098,10:51:14.9098,5820,2020-09-29,0.0000,429418.682188,429338.91606598,0020200929104957,False,False,None,0.0000,False,NULL,NULL,NULL,True,None,-0.3678,-0.2942,0.8822,-0.3753,-0.2964,0.8782,0,0,Playing,60.0000,Normal,15.0661,44.9339,7,9,5.0000,3.2000,3.0000,0.6000,0.4000,None,Mole Hit,MoleEvent,-1.8916,-0.5011,5.6501,-1.8916,-2.3511,5.1001,0.6746,4.0000,1.0857,0301,3,1,0.2500,0.0000,0.1067,0.0887,0.1585,1.1228,1.2103,17.1105,337.3696,5.4654,0.0000,0.0000,0.0000,0.0000,0.0000,0.0000,-0.0481,1.4680,0.9522,22.8202,340.2020,2.5744,0.0000,0.0000,0.0000,0.0000,0.0000,0.0000,0.0000,0.0000,0.0000,0.0000,0.0000,0.0000,0.0000,0.0000,0.0000,0.0000,0.0000,0.0000,0.0000,0.0000,0.0000,0.0000,0.0000,0.0000,-1.7816,-0.4095,5.7493,17.1105,337.3696,5.4654,0.0000,0.0000,0.0000,0301,3,1,-1.8916,-0.5011,5.6501,-1.8916,-2.3511,5.1001
2020-09-29 10:51:15.8358,10:51:15.8358,5860,2020-09-29,0.9172,429419.60862,429338.91606598,0020200929104957,False,False,None,0.0000,False,NULL,NULL,NULL,True,None,-0.3678,-0.2942,0.8822,-0.3753,-0.2964,0.8782,0,0,Playing,60.0000,Normal,15.9858,44.0142,7,9,5.0000,3.2000,3.0000,0.6000,0.4000,None,Mole Spawned,MoleEvent,-0.9727,0.2231,6.2077,-0.9727,-1.6269,5.6577,0.6322,4.0000,NULL,0402,4,2,0.3750,0.1667,NULL,NULL,0.1754,1.1423,1.2452,346.6721,6.6726,346.8221,0.0032,0.0020,0.0019,0.2156,1.0112,2.1560,0.0233,1.5201,0.9105,351.8009,13.9931,359.8623,0.4463,0.6523,359.6593,0.0000,0.0000,0.0000,0.0000,0.0000,0.0000,0.0000,0.0000,0.0000,0.0000,0.0000,0.0000,0.0000,0.0000,0.0000,0.0000,0.0000,0.0000,0.0000,0.0000,0.0000,0.7398,2.4516,6.5888,346.6721,6.6726,346.8221,0.0069,0.0399,0.0026,0301,3,1,-1.8916,-0.5011,5.6501,-1.8916,-2.3511,5.1001
2020-09-29 10:51:16.8187,10:51:16.8187,5897,2020-09-29,0.9946,429420.591783,429338.91606598,0020200929104957,False,False,None,0.0000,False,NULL,NULL,NULL,True,None,-0.1679,-0.1396,0.9759,-0.1758,-0.1470,0.9732,0,0,Playing,60.0000,Normal,16.9675,43.0325,7,9,5.0000,3.2000,3.0000,0.6000,0.4000,None,Pointer Shoot,PointerEvent,NULL,NULL,NULL,NULL,NULL,NULL,NULL,NULL,NULL,NULL,NULL,NULL,NULL,NULL,NULL,NULL,NULL,NULL,NULL,NULL,NULL,NULL,NULL,NULL,NULL,NULL,NULL,NULL,NULL,NULL,NULL,NULL,NULL,NULL,NULL,NULL,NULL,NULL,NULL,NULL,NULL,NULL,NULL,NULL,NULL,NULL,NULL,NULL,NULL,NULL,NULL,NULL,NULL,NULL,NULL,NULL,NULL,NULL,NULL,NULL,NULL,NULL,NULL,NULL,NULL,NULL,NULL,NULL,NULL,NULL,NULL,NULL,NULL,NULL,NULL,NULL
2020-09-29 10:51:16.8217,10:51:16.8217,5897,2020-09-29,0.0000,429420.594061,429338.91606598,0020200929104957,False,False,None,0.0000,False,NULL,NULL,NULL,True,None,-0.1679,-0.1396,0.9759,-0.1758,-0.1470,0.9732,0,0,Playing,60.0000,Normal,16.9675,43.0325,7,9,5.0000,3.2000,3.0000,0.6000,0.4000,None,Mole Hit,MoleEvent,-0.9727,0.2231,6.2077,-0.9727,-1.6269,5.6577,0.6322,4.0000,0.9817,0402,4,2,0.3750,0.1667,0.1950,0.0979,0.1339,1.0834,1.2424,8.0253,350.2382,347.1500,0.0000,0.0000,0.0000,0.0000,0.0000,0.0000,-0.0175,1.4848,0.9333,14.3773,347.8642,1.0113,0.0000,0.0000,0.0000,0.0000,0.0000,0.0000,0.0000,0.0000,0.0000,0.0000,0.0000,0.0000,0.0000,0.0000,0.0000,0.0000,0.0000,0.0000,0.0000,0.0000,0.0000,0.0000,0.0000,0.0000,-0.7761,0.3224,6.2785,8.0253,350.2382,347.1500,0.0000,0.0000,0.0000,0402,4,2,-0.9727,0.2231,6.2077,-0.9727,-1.6269,5.6577
2020-09-29 10:51:18.2702,10:51:18.2712,5950,2020-09-29,1.4492,429422.043584,429338.91606598,0020200929104957,False,False,None,0.0000,False,NULL,NULL,NULL,True,None,-0.1679,-0.1396,0.9759,-0.1758,-0.1470,0.9732,0,0,Playing,60.0000,Normal,18.4257,41.5743,7,9,5.0000,3.2000,3.0000,0.6000,0.4000,None,Mole Spawned,MoleEvent,0.9727,1.0184,6.4016,0.9727,-0.8316,5.8516,0.6099,4.0000,NULL,0603,6,3,0.6250,0.3333,NULL,NULL,0.0944,1.1208,1.2331,354.6271,341.8550,353.3776,0.0001,0.0002,0.0000,0.0049,0.0163,0.0620,0.0178,1.5152,0.9184,355.6267,5.9255,358.0304,0.0729,0.7208,0.1642,0.0000,0.0000,0.0000,0.0000,0.0000,0.0000,0.0000,0.0000,0.0000,0.0000,0.0000,0.0000,0.0000,0.0000,0.0000,0.0000,0.0000,0.0000,0.0000,0.0000,0.0000,-1.6158,1.6383,6.4334,354.6271,341.8550,353.3776,0.0048,0.0024,0.0011,0402,4,2,-0.9727,0.2231,6.2077,-0.9727,-1.6269,5.6577
2020-09-29 10:51:19.3145,10:51:19.3145,5993,2020-09-29,1.0461,429423.087152,429338.91606598,0020200929104957,False,False,None,0.0000,False,NULL,NULL,NULL,True,None,0.1666,-0.0367,0.9853,0.1582,-0.0360,0.9867,0,0,Playing,60.0000,Normal,19.4613,40.5387,7,9,5.0000,3.2000,3.0000,0.6000,0.4000,None,Pointer Shoot,PointerEvent,NULL,NULL,NULL,NULL,NULL,NULL,NULL,NULL,NULL,NULL,NULL,NULL,NULL,NULL,NULL,NULL,NULL,NULL,NULL,NULL,NULL,NULL,NULL,NULL,NULL,NULL,NULL,NULL,NULL,NULL,NULL,NULL,NULL,NULL,NULL,NULL,NULL,NULL,NULL,NULL,NULL,NULL,NULL,NULL,NULL,NULL,NULL,NULL,NULL,NULL,NULL,NULL,NULL,NULL,NULL,NULL,NULL,NULL,NULL,NULL,NULL,NULL,NULL,NULL,NULL,NULL,NULL,NULL,NULL,NULL,NULL,NULL,NULL,NULL,NULL,NULL
2020-09-29 10:51:19.3175,10:51:19.3175,5993,2020-09-29,0.0000,429423.08963,429338.91606598,0020200929104957,False,False,None,0.0000,False,NULL,NULL,NULL,True,None,0.1666,-0.0367,0.9853,0.1582,-0.0360,0.9867,0,0,Playing,60.0000,Normal,19.4613,40.5387,7,9,5.0000,3.2000,3.0000,0.6000,0.4000,None,Mole Hit,MoleEvent,0.9727,1.0184,6.4016,0.9727,-0.8316,5.8516,0.6099,4.0000,1.0355,0603,6,3,0.6250,0.3333,0.0372,-0.1110,0.1878,1.0945,1.2455,2.1007,9.5978,342.7233,0.0000,0.0000,0.0000,0.0000,0.0000,0.0000,0.0301,1.4961,0.9311,7.6015,10.9838,357.9850,0.0000,0.0000,0.0000,0.0000,0.0000,0.0000,0.0000,0.0000,0.0000,0.0000,0.0000,0.0000,0.0000,0.0000,0.0000,0.0000,0.0000,0.0000,0.0000,0.0000,0.0000,0.0000,0.0000,0.0000,1.0081,0.9077,6.3624,2.1007,9.5978,342.7233,0.0000,0.0000,0.0000,0603,6,3,0.9727,1.0184,6.4016,0.9727,-0.8316,5.8516
2020-09-29 10:51:20.3756,10:51:20.3756,6037,2020-09-29,1.0578,429424.148994,429338.91606598,0020200929104957,False,False,None,0.0000,False,NULL,NULL,NULL,True,None,0.1666,-0.0367,0.9853,0.1582,-0.0360,0.9867,0,0,Playing,60.0000,Normal,20.5281,39.4719,7,9,5.0000,3.2000,3.0000,0.6000,0.4000,None,Mole Spawned,MoleEvent,-0.9727,2.6816,6.4016,-0.9727,0.8316,5.8516,0.6099,4.0000,NULL,0405,4,5,0.3750,0.6667,NULL,NULL,0.1252,1.1130,1.2407,356.2946,350.9484,354.5782,0.0001,0.0001,0.0001,0.1104,0.0454,0.1726,0.0008,1.5186,0.9094,352.6948,353.9721,359.1546,0.0622,0.0046,0.0134,0.0000,0.0000,0.0000,0.0000,0.0000,0.0000,0.0000,0.0000,0.0000,0.0000,0.0000,0.0000,0.0000,0.0000,0.0000,0.0000,0.0000,0.0000,0.0000,0.0000,0.0000,-0.7223,1.4566,6.6068,356.2946,350.9484,354.5782,0.0066,0.0031,0.0003,0603,6,3,0.9727,1.0184,6.4016,0.9727,-0.8316,5.8516
2020-09-29 10:51:21.1725,10:51:21.1725,6069,2020-09-29,0.8004,429424.945539,429338.91606598,0020200929104957,False,False,None,0.0000,False,NULL,NULL,NULL,True,None,-0.1784,0.2747,0.9448,-0.1918,0.2580,0.9468,0,0,Playing,60.0000,Normal,21.3267,38.6733,7,9,5.0000,3.2000,3.0000,0.6000,0.4000,None,Pointer Shoot,PointerEvent,NULL,NULL,NULL,NULL,NULL,NULL,NULL,NULL,NULL,NULL,NULL,NULL,NULL,NULL,NULL,NULL,NULL,NULL,NULL,NULL,NULL,NULL,NULL,NULL,NULL,NULL,NULL,NULL,NULL,NULL,NULL,NULL,NULL,NULL,NULL,NULL,NULL,NULL,NULL,NULL,NULL,NULL,NULL,NULL,NULL,NULL,NULL,NULL,NULL,NULL,NULL,NULL,NULL,NULL,NULL,NULL,NULL,NULL,NULL,NULL,NULL,NULL,NULL,NULL,NULL,NULL,NULL,NULL,NULL,NULL,NULL,NULL,NULL,NULL,NULL,NULL
2020-09-29 10:51:21.1754,10:51:21.1754,6069,2020-09-29,0.0000,429424.947973,429338.91606598,0020200929104957,False,False,None,0.0000,False,NULL,NULL,NULL,True,None,-0.1784,0.2747,0.9448,-0.1918,0.2580,0.9468,0,0,Playing,60.0000,Normal,21.3267,38.6733,7,9,5.0000,3.2000,3.0000,0.6000,0.4000,None,Mole Hit,MoleEvent,-0.9727,2.6816,6.4016,-0.9727,0.8316,5.8516,0.6088,4.0000,0.7986,0405,4,5,0.3750,0.6667,0.0352,-0.1199,0.1167,1.1433,1.2264,344.0559,349.3083,1.6758,0.0000,0.0000,0.0000,0.0000,0.0000,0.0000,-0.0017,1.5131,0.9185,356.3925,352.7423,359.2628,0.0000,0.0000,0.0000,0.0000,0.0000,0.0000,0.0000,0.0000,0.0000,0.0000,0.0000,0.0000,0.0000,0.0000,0.0000,0.0000,0.0000,0.0000,0.0000,0.0000,0.0000,0.0000,0.0000,0.0000,-0.9358,2.5590,6.4227,344.0559,349.3083,1.6758,0.0000,0.0000,0.0000,0405,4,5,-0.9727,2.6816,6.4016,-0.9727,0.8316,5.8516
2020-09-29 10:51:22.8151,10:51:22.8151,6127,2020-09-29,1.6413,429426.587713,429338.91606598,0020200929104957,False,False,None,0.0000,False,NULL,NULL,NULL,True,None,-0.1784,0.2747,0.9448,-0.1918,0.2580,0.9468,0,0,Playing,60.0000,Normal,22.9679,37.0321,7,9,5.0000,3.2000,3.0000,0.6000,0.4000,None,Mole Spawned,MoleEvent,0.0000,1.0184,6.4844,0.0000,-0.8316,5.9344,0.5999,4.0000,NULL,0503,5,3,0.5000,0.3333,NULL,NULL,0.1295,1.1284,1.2346,349.9071,351.9639,355.3132,0.0007,0.0008,0.0005,0.1065,0.2206,0.2260,0.0039,1.5191,0.9142,352.2950,356.3675,358.3810,0.3194,355.5220,0.0019,0.0000,0.0000,0.0000,0.0000,0.0000,0.0000,0.0000,0.0000,0.0000,0.0000,0.0000,0.0000,0.0000,0.0000,0.0000,0.0000,0.0000,0.0000,0.0000,0.0000,0.0000,-0.6092,2.0890,6.6287,349.9071,351.9639,355.3132,0.0170,0.0058,0.0019,0405,4,5,-0.9727,2.6816,6.4016,-0.9727,0.8316,5.8516
2020-09-29 10:51:23.7385,10:51:23.7385,6166,2020-09-29,0.9251,429427.512119,429338.91606598,0020200929104957,False,False,None,0.0000,False,NULL,NULL,NULL,True,None,-0.0260,-0.0316,0.9992,-0.0310,-0.0371,0.9988,0,0,Playing,60.0000,Normal,23.8963,36.1037,7,9,5.0000,3.2000,3.0000,0.6000,0.4000,None,Pointer Shoot,PointerEvent,NULL,NULL,NULL,NULL,NULL,NULL,NULL,NULL,NULL,NULL,NULL,NULL,NULL,NULL,NULL,NULL,NULL,NULL,NULL,NULL,NULL,NULL,NULL,NULL,NULL,NULL,NULL,NULL,NULL,NULL,NULL,NULL,NULL,NULL,NULL,NULL,NULL,NULL,NULL,NULL,NULL,NULL,NULL,NULL,NULL,NULL,NULL,NULL,NULL,NULL,NULL,NULL,NULL,NULL,NULL,NULL,NULL,NULL,NULL,NULL,NULL,NULL,NULL,NULL,NULL,NULL,NULL,NULL,NULL,NULL,NULL,NULL,NULL,NULL,NULL,NULL
2020-09-29 10:51:23.7415,10:51:23.7415,6166,2020-09-29,0.0000,429427.514513,429338.91606598,0020200929104957,False,False,None,0.0000,False,NULL,NULL,NULL,True,None,-0.0260,-0.0316,0.9992,-0.0310,-0.0371,0.9988,0,0,Playing,60.0000,Normal,23.8963,36.1037,7,9,5.0000,3.2000,3.0000,0.6000,0.4000,None,Mole Hit,MoleEvent,0.0000,1.0184,6.4844,0.0000,-0.8316,5.9344,0.5999,4.0000,0.9284,0503,5,3,0.5000,0.3333,-0.0081,-0.1183,0.1538,1.0941,1.2428,1.8103,358.5077,345.5107,0.0000,0.0000,0.0000,0.0000,0.0000,0.0000,0.0002,1.4916,0.9363,10.1651,357.6488,359.8116,0.0000,0.0000,0.0000,0.0000,0.0000,0.0000,0.0000,0.0000,0.0000,0.0000,0.0000,0.0000,0.0000,0.0000,0.0000,0.0000,0.0000,0.0000,0.0000,0.0000,0.0000,0.0000,0.0000,0.0000,-0.0079,0.9004,6.4522,1.8103,358.5077,345.5107,0.0000,0.0000,0.0000,0503,5,3,0.0000,1.0184,6.4844,0.0000,-0.8316,5.9344
2020-09-29 10:51:25.2741,10:51:25.2741,6218,2020-09-29,1.5349,429429.047206,429338.91606598,0020200929104957,False,False,None,0.0000,False,NULL,NULL,NULL,True,None,-0.0260,-0.0316,0.9992,-0.0310,-0.0371,0.9988,0,0,Playing,60.0000,Normal,25.4248,34.5752,7,9,5.0000,3.2000,3.0000,0.6000,0.4000,None,Mole Spawned,MoleEvent,0.9727,2.6816,6.4016,0.9727,0.8316,5.8516,0.6099,4.0000,NULL,0605,6,5,0.6250,0.6667,NULL,NULL,0.1516,1.1063,1.2416,357.0922,357.9052,345.5039,0.0003,0.0002,0.0001,0.0143,0.1009,0.0091,0.0218,1.5148,0.9093,355.1280,10.7064,359.3251,0.0499,0.0348,0.0002,0.0000,0.0000,0.0000,0.0000,0.0000,0.0000,0.0000,0.0000,0.0000,0.0000,0.0000,0.0000,0.0000,0.0000,0.0000,0.0000,0.0000,0.0000,0.0000,0.0000,0.0000,-0.0369,1.3804,6.6596,357.0922,357.9052,345.5039,0.0068,0.0020,0.0004,0503,5,3,0.0000,1.0184,6.4844,0.0000,-0.8316,5.9344
2020-09-29 10:51:26.3034,10:51:26.3034,6259,2020-09-29,1.0184,429430.076012,429338.91606598,0020200929104957,False,False,None,0.0000,False,NULL,NULL,NULL,True,None,0.1530,0.2478,0.9567,0.1436,0.2472,0.9583,0,0,Playing,60.0000,Normal,26.4507,33.5493,7,9,5.0000,3.2000,3.0000,0.6000,0.4000,None,Pointer Shoot,PointerEvent,NULL,NULL,NULL,NULL,NULL,NULL,NULL,NULL,NULL,NULL,NULL,NULL,NULL,NULL,NULL,NULL,NULL,NULL,NULL,NULL,NULL,NULL,NULL,NULL,NULL,NULL,NULL,NULL,NULL,NULL,NULL,NULL,NULL,NULL,NULL,NULL,NULL,NULL,NULL,NULL,NULL,NULL,NULL,NULL,NULL,NULL,NULL,NULL,NULL,NULL,NULL,NULL,NULL,NULL,NULL,NULL,NULL,NULL,NULL,NULL,NULL,NULL,NULL,NULL,NULL,NULL,NULL,NULL,NULL,NULL,NULL,NULL,NULL,NULL,NULL,NULL
2020-09-29 10:51:26.3064,10:51:26.3064,6259,2020-09-29,0.0000,429430.079376,429338.91606598,0020200929104957,False,False,None,0.0000,False,NULL,NULL,NULL,True,None,0.1530,0.2478,0.9567,0.1436,0.2472,0.9583,0,0,Playing,60.0000,Normal,26.4507,33.5493,7,9,5.0000,3.2000,3.0000,0.6000,0.4000,None,Mole Hit,MoleEvent,0.9727,2.6816,6.4016,0.9727,0.8316,5.8516,0.6099,4.0000,1.0259,0605,6,5,0.6250,0.6667,-0.0118,-0.1976,0.1809,1.1408,1.2346,345.6528,9.0862,349.8488,0.0000,0.0000,0.0000,0.0000,0.0000,0.0000,0.0210,1.5127,0.9125,356.5911,10.5178,359.3344,0.0000,0.0000,0.0000,0.0000,0.0000,0.0000,0.0000,0.0000,0.0000,0.0000,0.0000,0.0000,0.0000,0.0000,0.0000,0.0000,0.0000,0.0000,0.0000,0.0000,0.0000,0.0000,0.0000,0.0000,0.9595,2.4816,6.4325,345.6528,9.0862,349.8488,0.0000,0.0000,0.0000,0605,6,5,0.9727,2.6816,6.4016,0.9727,0.8316,5.8516
2020-09-29 10:51:27.6976,10:51:27.6976,6317,2020-09-29,1.4052,429431.470284,429338.91606598,0020200929104957,False,False,None,0.0000,False,NULL,NULL,NULL,True,None,0.1530,0.2478,0.9567,0.1436,0.2472,0.9583,0,0,Playing,60.0000,Normal,27.8579,32.1421,7,9,5.0000,3.2000,3.0000,0.6000,0.4000,None,Mole Spawned,MoleEvent,0.9727,1.0184,6.4016,0.9727,-0.8316,5.8516,0.6099,4.0000,NULL,0603,6,3,0.6250,0.3333,NULL,NULL,0.1415,1.1180,1.2373,352.3865,355.8714,353.7775,0.0004,0.0001,0.0001,0.0221,0.1884,0.0533,0.0018,1.5090,0.9073,358.6360,355.1002,359.0090,0.0343,0.0103,0.0002,0.0000,0.0000,0.0000,0.0000,0.0000,0.0000,0.0000,0.0000,0.0000,0.0000,0.0000,0.0000,0.0000,0.0000,0.0000,0.0000,0.0000,0.0000,0.0000,0.0000,0.0000,-0.2270,1.8260,6.5401,352.3865,355.8714,353.7775,0.0045,0.0012,0.0000,0605,6,5,0.9727,2.6816,6.4016,0.9727,0.8316,5.8516
2020-09-29 10:51:28.5359,10:51:28.5359,6353,2020-09-29,0.8304,429432.308746,429338.91606598,0020200929104957,False,False,None,0.0000,False,NULL,NULL,NULL,True,None,0.1360,-0.0521,0.9893,0.1060,-0.0303,0.9937,0,0,Playing,60.0000,Normal,28.6921,31.3079,7,9,5.0000,3.2000,3.0000,0.6000,0.4000,None,Pointer Shoot,PointerEvent,NULL,NULL,NULL,NULL,NULL,NULL,NULL,NULL,NULL,NULL,NULL,NULL,NULL,NULL,NULL,NULL,NULL,NULL,NULL,NULL,NULL,NULL,NULL,NULL,NULL,NULL,NULL,NULL,NULL,NULL,NULL,NULL,NULL,NULL,NULL,NULL,NULL,NULL,NULL,NULL,NULL,NULL,NULL,NULL,NULL,NULL,NULL,NULL,NULL,NULL,NULL,NULL,NULL,NULL,NULL,NULL,NULL,NULL,NULL,NULL,NULL,NULL,NULL,NULL,NULL,NULL,NULL,NULL,NULL,NULL,NULL,NULL,NULL,NULL,NULL,NULL
2020-09-29 10:51:28.5379,10:51:28.5379,6353,2020-09-29,0.0000,429432.311118,429338.91606598,0020200929104957,False,False,None,0.0000,False,NULL,NULL,NULL,True,None,0.1360,-0.0521,0.9893,0.1060,-0.0303,0.9937,0,0,Playing,60.0000,Normal,28.6921,31.3079,7,9,5.0000,3.2000,3.0000,0.6000,0.4000,None,Mole Hit,MoleEvent,0.9727,1.0184,6.4016,0.9727,-0.8316,5.8516,0.6064,4.0000,0.8343,0603,6,3,0.6250,0.3333,-0.2377,-0.0887,0.1812,1.0880,1.2445,2.9842,7.8267,343.5126,0.0000,0.0000,0.0000,0.0000,0.0000,0.0000,0.0147,1.5068,0.9076,359.9939,5.2470,358.9440,0.0000,0.0000,0.0000,0.0000,0.0000,0.0000,0.0000,0.0000,0.0000,0.0000,0.0000,0.0000,0.0000,0.0000,0.0000,0.0000,0.0000,0.0000,0.0000,0.0000,0.0000,0.0000,0.0000,0.0000,0.7337,0.9302,6.4251,2.9842,7.8267,343.5126,0.0000,0.0000,0.0000,0603,6,3,0.9727,1.0184,6.4016,0.9727,-0.8316,5.8516
2020-09-29 10:51:30.1405,10:51:30.1405,6407,2020-09-29,1.6127,429433.912924,429338.91606598,0020200929104957,False,False,None,0.0000,False,NULL,NULL,NULL,True,None,0.1360,-0.0521,0.9893,0.1060,-0.0303,0.9937,0,0,Playing,60.0000,Normal,30.2996,29.7004,7,9,5.0000,3.2000,3.0000,0.6000,0.4000,None,Fake Mole Spawned,MoleEvent,-2.7060,0.2231,5.5719,-2.7060,-1.6269,5.0219,0.6136,4.0000,NULL,0202,2,2,0.1250,0.1667,NULL,NULL,0.1500,1.1253,1.2370,350.4530,358.8359,355.8683,0.0000,0.0003,0.0001,0.0585,0.0078,0.0913,0.0159,1.5162,0.9032,353.3930,7.7829,359.2749,0.0197,0.1134,0.0403,0.0000,0.0000,0.0000,0.0000,0.0000,0.0000,0.0000,0.0000,0.0000,0.0000,0.0000,0.0000,0.0000,0.0000,0.0000,0.0000,0.0000,0.0000,0.0000,0.0000,0.0000,0.0414,2.0224,6.5401,350.4530,358.8359,355.8683,0.0007,0.0021,0.0000,0603,6,3,0.9727,1.0184,6.4016,0.9727,-0.8316,5.8516
2020-09-29 10:51:32.1988,10:51:32.1988,6495,2020-09-29,2.0577,429435.971663,429338.91606598,0020200929104957,False,False,None,0.0000,False,NULL,NULL,NULL,True,None,0.1360,-0.0521,0.9893,0.1060,-0.0303,0.9937,0,0,Playing,60.0000,Normal,32.3606,27.6394,7,9,5.0000,3.2000,3.0000,0.6000,0.4000,None,Mole Spawned,MoleEvent,1.8916,-0.5011,5.6501,1.8916,-2.3511,5.1001,0.6774,4.0000,NULL,0701,7,1,0.7500,0.0000,NULL,NULL,0.1302,1.1119,1.2383,354.5660,352.3929,357.4637,0.0001,0.0000,0.0002,0.0033,0.0040,0.0342,-0.0270,1.5069,0.9048,359.1853,341.0006,2.4974,0.0076,0.0049,0.0127,0.0000,0.0000,0.0000,0.0000,0.0000,0.0000,0.0000,0.0000,0.0000,0.0000,0.0000,0.0000,0.0000,0.0000,0.0000,0.0000,0.0000,0.0000,0.0000,0.0000,0.0000,-0.5933,1.6298,6.6317,354.5660,352.3929,357.4637,0.0023,0.0001,0.0002,0603,6,3,0.9727,1.0184,6.4016,0.9727,-0.8316,5.8516
2020-09-29 10:51:33.6713,10:51:33.6723,6555,2020-09-29,1.4741,429437.44433,429338.91606598,0020200929104957,False,False,None,0.0000,False,NULL,NULL,NULL,True,None,0.3309,-0.3178,0.8885,0.3185,-0.3188,0.8926,0,0,Playing,60.0000,Normal,33.8240,26.1760,7,9,5.0000,3.2000,3.0000,0.6000,0.4000,None,Pointer Shoot,PointerEvent,NULL,NULL,NULL,NULL,NULL,NULL,NULL,NULL,NULL,NULL,NULL,NULL,NULL,NULL,NULL,NULL,NULL,NULL,NULL,NULL,NULL,NULL,NULL,NULL,NULL,NULL,NULL,NULL,NULL,NULL,NULL,NULL,NULL,NULL,NULL,NULL,NULL,NULL,NULL,NULL,NULL,NULL,NULL,NULL,NULL,NULL,NULL,NULL,NULL,NULL,NULL,NULL,NULL,NULL,NULL,NULL,NULL,NULL,NULL,NULL,NULL,NULL,NULL,NULL,NULL,NULL,NULL,NULL,NULL,NULL,NULL,NULL,NULL,NULL,NULL,NULL
2020-09-29 10:51:33.6743,10:51:33.6743,6555,2020-09-29,0.0000,429437.446663,429338.91606598,0020200929104957,False,False,None,0.0000,False,NULL,NULL,NULL,True,None,0.3309,-0.3178,0.8885,0.3185,-0.3188,0.8926,0,0,Playing,60.0000,Normal,33.8240,26.1760,7,9,5.0000,3.2000,3.0000,0.6000,0.4000,None,Mole Hit,MoleEvent,1.8916,-0.5011,5.6501,1.8916,-2.3511,5.1001,0.6677,4.0000,1.4634,0701,7,1,0.7500,0.0000,-0.0424,-0.0312,0.2497,1.0685,1.1653,18.5314,20.4247,333.9375,0.0000,0.0000,0.0000,0.0000,0.0000,0.0000,0.0242,1.4758,0.9447,17.8291,17.9289,2.9578,0.0000,0.0000,0.0000,0.0000,0.0000,0.0000,0.0000,0.0000,0.0000,0.0000,0.0000,0.0000,0.0000,0.0000,0.0000,0.0000,0.0000,0.0000,0.0000,0.0000,0.0000,0.0000,0.0000,0.0000,1.8459,-0.5291,5.6388,18.5314,20.4247,333.9375,0.0000,0.0000,0.0000,0701,7,1,1.8916,-0.5011,5.6501,1.8916,-2.3511,5.1001
2020-09-29 10:51:34.1552,10:51:34.1552,6575,2020-09-29,0.4828,429437.927875,429338.91606598,0020200929104957,False,False,None,0.0000,False,NULL,NULL,NULL,True,None,0.3309,-0.3178,0.8885,0.3185,-0.3188,0.8926,0,0,Playing,60.0000,Normal,34.3218,25.6782,7,9,5.0000,3.2000,3.0000,0.6000,0.4000,None,Fake Mole Expired,MoleEvent,-2.7060,0.2231,5.5719,-2.7060,-1.6269,5.0219,0.6136,4.0000,NULL,0202,2,2,0.1250,0.1667,NULL,NULL,0.2117,1.1165,1.1883,2.6123,11.8963,338.3053,0.0072,0.0050,0.0025,2.0379,1.7928,1.8881,0.0204,1.4895,0.9408,10.7271,14.0230,2.3337,0.8278,0.5143,0.2528,0.0000,0.0000,0.0000,0.0000,0.0000,0.0000,0.0000,0.0000,0.0000,0.0000,0.0000,0.0000,0.0000,0.0000,0.0000,0.0000,0.0000,0.0000,0.0000,0.0000,0.0000,1.5546,0.5125,6.2811,2.6123,11.8963,338.3053,0.0809,0.1287,0.0533,0701,7,1,1.8916,-0.5011,5.6501,1.8916,-2.3511,5.1001
2020-09-29 10:51:34.2928,10:51:34.2928,6581,2020-09-29,0.1375,429438.065931,429338.91606598,0020200929104957,False,False,None,0.0000,False,NULL,NULL,NULL,True,None,0.3309,-0.3178,0.8885,0.3185,-0.3188,0.8926,0,0,Playing,60.0000,Normal,34.4578,25.5422,7,9,5.0000,3.2000,3.0000,0.6000,0.4000,None,Mole Spawned,MoleEvent,0.9727,3.4769,6.2077,0.9727,1.6269,5.6577,0.6322,4.0000,NULL,0606,6,6,0.6250,0.8333,NULL,NULL,0.1617,1.1206,1.2028,355.1599,357.6613,353.1611,0.0088,0.0019,0.0029,0.8435,356.8290,2.9121,0.0158,1.4976,0.9333,5.9288,9.7317,0.9016,0.6536,0.9377,0.3003,0.0000,0.0000,0.0000,0.0000,0.0000,0.0000,0.0000,0.0000,0.0000,0.0000,0.0000,0.0000,0.0000,0.0000,0.0000,0.0000,0.0000,0.0000,0.0000,0.0000,0.0000,0.4259,1.3330,6.6226,355.1599,357.6613,353.1611,0.1955,0.1183,0.0262,0701,7,1,1.8916,-0.5011,5.6501,1.8916,-2.3511,5.1001
2020-09-29 10:51:35.3111,10:51:35.3111,6622,2020-09-29,1.0191,429439.084014,429338.91606598,0020200929104957,False,False,None,0.0000,False,NULL,NULL,NULL,True,None,0.1904,0.3748,0.9073,0.1703,0.3881,0.9055,0,0,Playing,60.0000,Normal,35.4599,24.5401,7,9,5.0000,3.2000,3.0000,0.6000,0.4000,None,Pointer Shoot,PointerEvent,NULL,NULL,NULL,NULL,NULL,NULL,NULL,NULL,NULL,NULL,NULL,NULL,NULL,NULL,NULL,NULL,NULL,NULL,NULL,NULL,NULL,NULL,NULL,NULL,NULL,NULL,NULL,NULL,NULL,NULL,NULL,NULL,NULL,NULL,NULL,NULL,NULL,NULL,NULL,NULL,NULL,NULL,NULL,NULL,NULL,NULL,NULL,NULL,NULL,NULL,NULL,NULL,NULL,NULL,NULL,NULL,NULL,NULL,NULL,NULL,NULL,NULL,NULL,NULL,NULL,NULL,NULL,NULL,NULL,NULL,NULL,NULL,NULL,NULL,NULL,NULL
2020-09-29 10:51:35.3141,10:51:35.3141,6622,2020-09-29,0.0000,429439.086533,429338.91606598,0020200929104957,False,False,None,0.0000,False,NULL,NULL,NULL,True,None,0.1904,0.3748,0.9073,0.1703,0.3881,0.9055,0,0,Playing,60.0000,Normal,35.4599,24.5401,7,9,5.0000,3.2000,3.0000,0.6000,0.4000,None,Mole Hit,MoleEvent,0.9727,3.4769,6.2077,0.9727,1.6269,5.6577,0.6322,4.0000,1.0021,0606,6,6,0.6250,0.8333,0.1708,-0.1550,0.1950,1.1605,1.1909,337.9868,11.8513,359.1833,0.0000,0.0000,0.0000,0.0000,0.0000,0.0000,0.0145,1.5218,0.8953,348.8609,7.3559,359.0005,0.0000,0.0000,0.0000,0.0000,0.0000,0.0000,0.0000,0.0000,0.0000,0.0000,0.0000,0.0000,0.0000,0.0000,0.0000,0.0000,0.0000,0.0000,0.0000,0.0000,0.0000,0.0000,0.0000,0.0000,1.1416,3.3182,6.2243,337.9868,11.8513,359.1833,0.0000,0.0000,0.0000,0606,6,6,0.9727,3.4769,6.2077,0.9727,1.6269,5.6577
2020-09-29 10:51:36.4875,10:51:36.4875,6673,2020-09-29,1.1747,429440.260525,429338.91606598,0020200929104957,False,False,None,0.0000,False,NULL,NULL,NULL,True,None,0.1904,0.3748,0.9073,0.1703,0.3881,0.9055,0,0,Playing,60.0000,Normal,36.6373,23.3627,7,9,5.0000,3.2000,3.0000,0.6000,0.4000,None,Mole Spawned,MoleEvent,0.9727,1.8500,6.4671,0.9727,0.0000,5.9171,0.5868,4.0000,NULL,0604,6,4,0.6250,0.5000,NULL,NULL,0.1709,1.1138,1.2146,354.6472,0.2183,352.3152,0.0008,0.0001,0.0002,0.0313,0.1990,0.0459,-0.0046,1.5087,0.9085,358.0185,355.5157,1.0057,0.1964,0.0103,0.0231,0.0000,0.0000,0.0000,0.0000,0.0000,0.0000,0.0000,0.0000,0.0000,0.0000,0.0000,0.0000,0.0000,0.0000,0.0000,0.0000,0.0000,0.0000,0.0000,0.0000,0.0000,0.2086,1.6217,6.6641,354.6472,0.2183,352.3152,0.0114,0.0011,0.0011,0606,6,6,0.9727,3.4769,6.2077,0.9727,1.6269,5.6577
2020-09-29 10:51:37.2335,10:51:37.2345,6704,2020-09-29,0.7476,429441.006595,429338.91606598,0020200929104957,False,False,None,0.0000,False,NULL,NULL,NULL,True,None,0.1647,0.1379,0.9766,0.1645,0.1283,0.9779,0,0,Playing,60.0000,Normal,37.3959,22.6041,7,9,5.0000,3.2000,3.0000,0.6000,0.4000,None,Pointer Shoot,PointerEvent,NULL,NULL,NULL,NULL,NULL,NULL,NULL,NULL,NULL,NULL,NULL,NULL,NULL,NULL,NULL,NULL,NULL,NULL,NULL,NULL,NULL,NULL,NULL,NULL,NULL,NULL,NULL,NULL,NULL,NULL,NULL,NULL,NULL,NULL,NULL,NULL,NULL,NULL,NULL,NULL,NULL,NULL,NULL,NULL,NULL,NULL,NULL,NULL,NULL,NULL,NULL,NULL,NULL,NULL,NULL,NULL,NULL,NULL,NULL,NULL,NULL,NULL,NULL,NULL,NULL,NULL,NULL,NULL,NULL,NULL,NULL,NULL,NULL,NULL,NULL,NULL
2020-09-29 10:51:37.2365,10:51:37.2365,6704,2020-09-29,0.0000,429441.009173,429338.91606598,0020200929104957,False,False,None,0.0000,False,NULL,NULL,NULL,True,None,0.1647,0.1379,0.9766,0.1645,0.1283,0.9779,0,0,Playing,60.0000,Normal,37.3959,22.6041,7,9,5.0000,3.2000,3.0000,0.6000,0.4000,None,Mole Hit,MoleEvent,0.9727,1.8500,6.4671,0.9727,0.0000,5.9171,0.5854,4.0000,0.7586,0604,6,4,0.6250,0.5000,0.1052,-0.0446,0.1970,1.1184,1.2079,352.0737,9.5744,349.2628,0.0000,0.0000,0.0000,0.0000,0.0000,0.0000,0.0066,1.5031,0.9155,1.8453,2.5103,0.7473,0.0000,0.0000,0.0000,0.0000,0.0000,0.0000,0.0000,0.0000,0.0000,0.0000,0.0000,0.0000,0.0000,0.0000,0.0000,0.0000,0.0000,0.0000,0.0000,0.0000,0.0000,0.0000,0.0000,0.0000,1.0762,1.8041,6.4350,352.0737,9.5744,349.2628,0.0000,0.0000,0.0000,0604,6,4,0.9727,1.8500,6.4671,0.9727,0.0000,5.9171
2020-09-29 10:51:38.6857,10:51:38.6857,6754,2020-09-29,1.4429,429442.459538,429338.91606598,0020200929104957,False,False,None,0.0000,False,NULL,NULL,NULL,True,None,0.1647,0.1379,0.9766,0.1645,0.1283,0.9779,0,0,Playing,60.0000,Normal,38.8384,21.1616,7,9,5.0000,3.2000,3.0000,0.6000,0.4000,None,Mole Spawned,MoleEvent,0.0000,1.8500,6.5500,0.0000,0.0000,6.0000,0.5999,4.0000,NULL,0504,5,4,0.5000,0.5000,NULL,NULL,0.1845,1.1126,1.2138,354.5700,4.4751,350.6392,0.0002,0.0002,0.0000,0.0834,0.0730,0.0314,0.0300,1.5106,0.9087,357.0993,15.7550,359.2968,0.0041,0.1099,0.0722,0.0000,0.0000,0.0000,0.0000,0.0000,0.0000,0.0000,0.0000,0.0000,0.0000,0.0000,0.0000,0.0000,0.0000,0.0000,0.0000,0.0000,0.0000,0.0000,0.0000,0.0000,0.6112,1.6232,6.6296,354.5700,4.4751,350.6392,0.0002,0.0016,0.0001,0604,6,4,0.9727,1.8500,6.4671,0.9727,0.0000,5.9171
2020-09-29 10:51:39.4504,10:51:39.4504,6787,2020-09-29,0.7727,429443.223991,429338.91606598,0020200929104957,False,False,None,0.0000,False,NULL,NULL,NULL,True,None,-0.0114,0.1046,0.9944,-0.0141,0.0921,0.9956,0,0,Playing,60.0000,Normal,39.6021,20.3979,7,9,5.0000,3.2000,3.0000,0.6000,0.4000,None,Pointer Shoot,PointerEvent,NULL,NULL,NULL,NULL,NULL,NULL,NULL,NULL,NULL,NULL,NULL,NULL,NULL,NULL,NULL,NULL,NULL,NULL,NULL,NULL,NULL,NULL,NULL,NULL,NULL,NULL,NULL,NULL,NULL,NULL,NULL,NULL,NULL,NULL,NULL,NULL,NULL,NULL,NULL,NULL,NULL,NULL,NULL,NULL,NULL,NULL,NULL,NULL,NULL,NULL,NULL,NULL,NULL,NULL,NULL,NULL,NULL,NULL,NULL,NULL,NULL,NULL,NULL,NULL,NULL,NULL,NULL,NULL,NULL,NULL,NULL,NULL,NULL,NULL,NULL,NULL
2020-09-29 10:51:39.4543,10:51:39.4543,6787,2020-09-29,0.0000,429443.228031,429338.91606598,0020200929104957,False,False,None,0.0000,False,NULL,NULL,NULL,True,None,-0.0114,0.1046,0.9944,-0.0141,0.0921,0.9956,0,0,Playing,60.0000,Normal,39.6021,20.3979,7,9,5.0000,3.2000,3.0000,0.6000,0.4000,None,Mole Hit,MoleEvent,0.0000,1.8500,6.5500,0.0000,0.0000,6.0000,0.5944,4.0000,0.7637,0504,5,4,0.5000,0.5000,0.0930,-0.2417,0.1683,1.1147,1.2138,353.9933,359.3455,352.7090,0.0000,0.0000,0.0000,0.0000,0.0000,0.0000,0.0041,1.5061,0.9142,0.0912,0.6196,0.0910,0.0000,0.0000,0.0000,0.0000,0.0000,0.0000,0.0000,0.0000,0.0000,0.0000,0.0000,0.0000,0.0000,0.0000,0.0000,0.0000,0.0000,0.0000,0.0000,0.0000,0.0000,0.0000,0.0000,0.0000,0.0931,1.6073,6.5401,353.9933,359.3455,352.7090,0.0000,0.0000,0.0000,0504,5,4,0.0000,1.8500,6.5500,0.0000,0.0000,6.0000
2020-09-29 10:51:41.1211,10:51:41.1211,6858,2020-09-29,1.6615,429444.894229,429338.91606598,0020200929104957,False,False,None,0.0000,False,NULL,NULL,NULL,True,None,-0.0114,0.1046,0.9944,-0.0141,0.0921,0.9956,0,0,Playing,60.0000,Normal,41.2712,18.7288,7,9,5.0000,3.2000,3.0000,0.6000,0.4000,None,Mole Spawned,MoleEvent,0.0000,-0.5011,5.9771,0.0000,-2.3511,5.4271,0.5999,4.0000,NULL,0501,5,1,0.5000,0.0000,NULL,NULL,0.1669,1.1140,1.2117,353.7082,359.1501,352.8466,0.0004,0.0000,0.0000,0.0166,0.1105,0.0897,0.0180,1.5010,0.9140,3.1364,11.0127,0.0991,0.0384,0.9439,359.8934,0.0000,0.0000,0.0000,0.0000,0.0000,0.0000,0.0000,0.0000,0.0000,0.0000,0.0000,0.0000,0.0000,0.0000,0.0000,0.0000,0.0000,0.0000,0.0000,0.0000,0.0000,0.0787,1.7080,6.5401,353.7082,359.1501,352.8466,0.0040,0.0040,0.0000,0504,5,4,0.0000,1.8500,6.5500,0.0000,0.0000,6.0000
2020-09-29 10:51:42.2483,10:51:42.2483,6905,2020-09-29,1.1382,429446.021472,429338.91606598,0020200929104957,False,False,None,0.0000,False,NULL,NULL,NULL,True,None,-0.0044,-0.2850,0.9585,-0.0175,-0.2917,0.9562,0,0,Playing,60.0000,Normal,42.4029,17.5971,7,9,5.0000,3.2000,3.0000,0.6000,0.4000,None,Pointer Shoot,PointerEvent,NULL,NULL,NULL,NULL,NULL,NULL,NULL,NULL,NULL,NULL,NULL,NULL,NULL,NULL,NULL,NULL,NULL,NULL,NULL,NULL,NULL,NULL,NULL,NULL,NULL,NULL,NULL,NULL,NULL,NULL,NULL,NULL,NULL,NULL,NULL,NULL,NULL,NULL,NULL,NULL,NULL,NULL,NULL,NULL,NULL,NULL,NULL,NULL,NULL,NULL,NULL,NULL,NULL,NULL,NULL,NULL,NULL,NULL,NULL,NULL,NULL,NULL,NULL,NULL,NULL,NULL,NULL,NULL,NULL,NULL,NULL,NULL,NULL,NULL,NULL,NULL
2020-09-29 10:51:42.2513,10:51:42.2513,6905,2020-09-29,0.0000,429446.023913,429338.91606598,0020200929104957,False,False,None,0.0000,False,NULL,NULL,NULL,True,None,-0.0044,-0.2850,0.9585,-0.0175,-0.2917,0.9562,0,0,Playing,60.0000,Normal,42.4029,17.5971,7,9,5.0000,3.2000,3.0000,0.6000,0.4000,None,Mole Hit,MoleEvent,0.0000,-0.5011,5.9771,0.0000,-2.3511,5.4271,0.5999,4.0000,1.1317,0501,5,1,0.5000,0.0000,0.0987,0.0908,0.1874,1.0662,1.1939,16.5575,359.7375,339.0240,0.0000,0.0000,0.0000,0.0000,0.0000,0.0000,-0.0077,1.4662,0.9518,22.5696,1.1592,2.9447,0.0000,0.0000,0.0000,0.0000,0.0000,0.0000,0.0000,0.0000,0.0000,0.0000,0.0000,0.0000,0.0000,0.0000,0.0000,0.0000,0.0000,0.0000,0.0000,0.0000,0.0000,0.0000,0.0000,0.0000,0.0987,-0.4075,6.0242,16.5575,359.7375,339.0240,0.0000,0.0000,0.0000,0501,5,1,0.0000,-0.5011,5.9771,0.0000,-2.3511,5.4271
2020-09-29 10:51:43.0911,10:51:43.0911,6931,2020-09-29,0.8400,429446.863972,429338.91606598,0020200929104957,False,False,None,0.0000,False,NULL,NULL,NULL,True,None,-0.0044,-0.2850,0.9585,-0.0175,-0.2917,0.9562,0,0,Playing,60.0000,Normal,43.2453,16.7547,7,9,5.0000,3.2000,3.0000,0.6000,0.4000,None,Mole Spawned,MoleEvent,0.9727,1.0184,6.4016,0.9727,-0.8316,5.8516,0.6064,4.0000,NULL,0603,6,3,0.6250,0.3333,NULL,NULL,0.1584,1.1305,1.2083,352.1130,357.0600,353.8283,0.0007,0.0019,0.0007,1.2934,0.1754,0.7563,0.0029,1.5150,0.9180,354.6623,2.5141,359.7156,1.5419,0.1203,0.1820,0.0000,0.0000,0.0000,0.0000,0.0000,0.0000,0.0000,0.0000,0.0000,0.0000,0.0000,0.0000,0.0000,0.0000,0.0000,0.0000,0.0000,0.0000,0.0000,0.0000,0.0000,-0.1565,1.7652,6.5401,352.1130,357.0600,353.8283,0.0331,0.0534,0.0000,0501,5,1,0.0000,-0.5011,5.9771,0.0000,-2.3511,5.4271
2020-09-29 10:51:44.0135,10:51:44.0135,6968,2020-09-29,0.9249,429447.786214,429338.91606598,0020200929104957,False,False,None,0.0000,False,NULL,NULL,NULL,True,None,0.1780,-0.0031,0.9840,0.1630,-0.0049,0.9865,0,0,Playing,60.0000,Normal,44.1660,15.8340,7,9,5.0000,3.2000,3.0000,0.6000,0.4000,None,Pointer Shoot,PointerEvent,NULL,NULL,NULL,NULL,NULL,NULL,NULL,NULL,NULL,NULL,NULL,NULL,NULL,NULL,NULL,NULL,NULL,NULL,NULL,NULL,NULL,NULL,NULL,NULL,NULL,NULL,NULL,NULL,NULL,NULL,NULL,NULL,NULL,NULL,NULL,NULL,NULL,NULL,NULL,NULL,NULL,NULL,NULL,NULL,NULL,NULL,NULL,NULL,NULL,NULL,NULL,NULL,NULL,NULL,NULL,NULL,NULL,NULL,NULL,NULL,NULL,NULL,NULL,NULL,NULL,NULL,NULL,NULL,NULL,NULL,NULL,NULL,NULL,NULL,NULL,NULL
2020-09-29 10:51:44.0155,10:51:44.0155,6968,2020-09-29,0.0000,429447.788474,429338.91606598,0020200929104957,False,False,None,0.0000,False,NULL,NULL,NULL,True,None,0.1780,-0.0031,0.9840,0.1630,-0.0049,0.9865,0,0,Playing,60.0000,Normal,44.1660,15.8340,7,9,5.0000,3.2000,3.0000,0.6000,0.4000,None,Mole Hit,MoleEvent,0.9727,1.0184,6.4016,0.9727,-0.8316,5.8516,0.6099,4.0000,0.9207,0603,6,3,0.6250,0.3333,0.0895,0.0526,0.2061,1.0965,1.2099,0.1795,10.2526,344.3921,0.0000,0.0000,0.0000,0.0000,0.0000,0.0000,0.0234,1.5021,0.9111,2.6420,9.7626,357.6726,0.0000,0.0000,0.0000,0.0000,0.0000,0.0000,0.0000,0.0000,0.0000,0.0000,0.0000,0.0000,0.0000,0.0000,0.0000,0.0000,0.0000,0.0000,0.0000,0.0000,0.0000,0.0000,0.0000,0.0000,1.0604,1.0710,6.3828,0.1795,10.2526,344.3921,0.0000,0.0000,0.0000,0603,6,3,0.9727,1.0184,6.4016,0.9727,-0.8316,5.8516
2020-09-29 10:51:45.6408,10:51:45.6408,7039,2020-09-29,1.6261,429449.412926,429338.91606598,0020200929104957,False,False,None,0.0000,False,NULL,NULL,NULL,True,None,0.1780,-0.0031,0.9840,0.1630,-0.0049,0.9865,0,0,Playing,60.0000,Normal,45.7996,14.2004,7,9,5.0000,3.2000,3.0000,0.6000,0.4000,None,Mole Spawned,MoleEvent,1.8916,1.0184,6.1575,1.8916,-0.8316,5.6075,0.5932,4.0000,NULL,0703,7,3,0.7500,0.3333,NULL,NULL,0.1762,1.1244,1.2092,351.7109,1.8173,354.8163,0.0004,0.0001,0.0000,0.0067,0.1214,0.0296,0.0059,1.5160,0.9092,353.1324,359.4694,357.8418,0.0331,0.0223,0.0389,0.0000,0.0000,0.0000,0.0000,0.0000,0.0000,0.0000,0.0000,0.0000,0.0000,0.0000,0.0000,0.0000,0.0000,0.0000,0.0000,0.0000,0.0000,0.0000,0.0000,0.0000,0.3349,1.9139,6.6661,351.7109,1.8173,354.8163,0.0065,0.0058,0.0010,0603,6,3,0.9727,1.0184,6.4016,0.9727,-0.8316,5.8516
2020-09-29 10:51:46.6237,10:51:46.6237,7081,2020-09-29,0.9836,429450.396224,429338.91606598,0020200929104957,False,False,None,0.0000,False,NULL,NULL,NULL,True,None,0.3010,-0.0201,0.9534,0.3027,-0.0338,0.9524,0,0,Playing,60.0000,Normal,46.7867,13.2133,7,9,5.0000,3.2000,3.0000,0.6000,0.4000,None,Pointer Shoot,PointerEvent,NULL,NULL,NULL,NULL,NULL,NULL,NULL,NULL,NULL,NULL,NULL,NULL,NULL,NULL,NULL,NULL,NULL,NULL,NULL,NULL,NULL,NULL,NULL,NULL,NULL,NULL,NULL,NULL,NULL,NULL,NULL,NULL,NULL,NULL,NULL,NULL,NULL,NULL,NULL,NULL,NULL,NULL,NULL,NULL,NULL,NULL,NULL,NULL,NULL,NULL,NULL,NULL,NULL,NULL,NULL,NULL,NULL,NULL,NULL,NULL,NULL,NULL,NULL,NULL,NULL,NULL,NULL,NULL,NULL,NULL,NULL,NULL,NULL,NULL,NULL,NULL
2020-09-29 10:51:46.6257,10:51:46.6257,7081,2020-09-29,0.0000,429450.399522,429338.91606598,0020200929104957,False,False,None,0.0000,False,NULL,NULL,NULL,True,None,0.3010,-0.0201,0.9534,0.3027,-0.0338,0.9524,0,0,Playing,60.0000,Normal,46.7867,13.2133,7,9,5.0000,3.2000,3.0000,0.6000,0.4000,None,Mole Hit,MoleEvent,1.8916,1.0184,6.1575,1.8916,-0.8316,5.6075,0.5932,4.0000,0.9871,0703,7,3,0.7500,0.3333,-0.0694,-0.0989,0.2382,1.0961,1.1845,1.1505,17.5207,342.7636,0.0000,0.0000,0.0000,0.0000,0.0000,0.0000,0.0295,1.4971,0.9182,5.2399,16.1915,0.7569,0.0000,0.0000,0.0000,0.0000,0.0000,0.0000,0.0000,0.0000,0.0000,0.0000,0.0000,0.0000,0.0000,0.0000,0.0000,0.0000,0.0000,0.0000,0.0000,0.0000,0.0000,0.0000,0.0000,0.0000,1.8193,0.9197,6.1584,1.1505,17.5207,342.7636,0.0000,0.0000,0.0000,0703,7,3,1.8916,1.0184,6.1575,1.8916,-0.8316,5.6075
2020-09-29 10:51:47.6977,10:51:47.6987,7126,2020-09-29,1.0743,429451.472027,429338.91606598,0020200929104957,False,False,None,0.0000,False,NULL,NULL,NULL,True,None,0.3010,-0.0201,0.9534,0.3027,-0.0338,0.9524,0,0,Playing,60.0000,Normal,47.8624,12.1376,7,9,5.0000,3.2000,3.0000,0.6000,0.4000,None,Mole Spawned,MoleEvent,-3.3709,0.2231,5.0540,-3.3709,-1.6269,4.5040,0.5636,4.0000,NULL,0102,1,2,0.0000,0.1667,NULL,NULL,0.1665,1.1093,1.2088,355.3895,357.7166,354.5070,0.0008,0.0002,0.0001,0.0077,0.2003,0.0327,0.0068,1.5034,0.9113,1.3333,356.8185,357.7569,0.0829,0.1307,0.0487,0.0000,0.0000,0.0000,0.0000,0.0000,0.0000,0.0000,0.0000,0.0000,0.0000,0.0000,0.0000,0.0000,0.0000,0.0000,0.0000,0.0000,0.0000,0.0000,0.0000,0.0000,-0.0250,1.5518,6.6743,355.3895,357.7166,354.5070,0.0100,0.0007,0.0009,0703,7,3,1.8916,1.0184,6.1575,1.8916,-0.8316,5.6075
2020-09-29 10:51:48.9620,10:51:48.9620,7179,2020-09-29,1.2629,429452.735809,429338.91606598,0020200929104957,False,False,None,0.0000,False,NULL,NULL,NULL,True,None,-0.6388,-0.1594,0.7527,-0.6597,-0.1648,0.7329,0,0,Playing,60.0000,Normal,49.1106,10.8894,7,9,5.0000,3.2000,3.0000,0.6000,0.4000,None,Pointer Shoot,PointerEvent,NULL,NULL,NULL,NULL,NULL,NULL,NULL,NULL,NULL,NULL,NULL,NULL,NULL,NULL,NULL,NULL,NULL,NULL,NULL,NULL,NULL,NULL,NULL,NULL,NULL,NULL,NULL,NULL,NULL,NULL,NULL,NULL,NULL,NULL,NULL,NULL,NULL,NULL,NULL,NULL,NULL,NULL,NULL,NULL,NULL,NULL,NULL,NULL,NULL,NULL,NULL,NULL,NULL,NULL,NULL,NULL,NULL,NULL,NULL,NULL,NULL,NULL,NULL,NULL,NULL,NULL,NULL,NULL,NULL,NULL,NULL,NULL,NULL,NULL,NULL,NULL
2020-09-29 10:51:48.9659,10:51:48.9659,7179,2020-09-29,0.0000,429452.738726,429338.91606598,0020200929104957,False,False,None,0.0000,False,NULL,NULL,NULL,True,None,-0.6388,-0.1594,0.7527,-0.6597,-0.1648,0.7329,0,0,Playing,60.0000,Normal,49.1106,10.8894,7,9,5.0000,3.2000,3.0000,0.6000,0.4000,None,Mole Hit,MoleEvent,-3.3709,0.2231,5.0540,-3.3709,-1.6269,4.5040,0.5618,4.0000,1.2481,0102,1,2,0.0000,0.1667,-0.0194,0.0405,0.0818,1.1307,1.1985,9.1719,319.6816,20.5139,0.0000,0.0000,0.0000,0.0000,0.0000,0.0000,-0.0624,1.4819,0.9160,13.8338,323.8799,5.6059,0.0000,0.0000,0.0000,0.0000,0.0000,0.0000,0.0000,0.0000,0.0000,0.0000,0.0000,0.0000,0.0000,0.0000,0.0000,0.0000,0.0000,0.0000,0.0000,0.0000,0.0000,0.0000,0.0000,0.0000,-3.3839,0.2651,5.0485,9.1719,319.6816,20.5139,0.0000,0.0000,0.0000,0102,1,2,-3.3709,0.2231,5.0540,-3.3709,-1.6269,4.5040
2020-09-29 10:51:49.7071,10:51:49.7071,7212,2020-09-29,0.7459,429453.481207,429338.91606598,0020200929104957,False,False,None,0.0000,False,NULL,NULL,NULL,True,None,-0.6388,-0.1594,0.7527,-0.6597,-0.1648,0.7329,0,0,Playing,60.0000,Normal,49.8688,10.1312,7,9,5.0000,3.2000,3.0000,0.6000,0.4000,None,Mole Spawned,MoleEvent,-3.3709,2.6816,5.2478,-3.3709,0.8316,4.6978,0.4840,4.0000,NULL,0105,1,5,0.0000,0.6667,NULL,NULL,0.1002,1.1217,1.2238,354.0500,338.7037,355.1786,0.0042,0.0014,0.0011,0.6015,1.4288,0.1045,-0.0280,1.5022,0.9232,2.4449,345.7686,4.9703,0.7641,1.8013,0.1358,0.0000,0.0000,0.0000,0.0000,0.0000,0.0000,0.0000,0.0000,0.0000,0.0000,0.0000,0.0000,0.0000,0.0000,0.0000,0.0000,0.0000,0.0000,0.0000,0.0000,0.0000,-2.1455,1.5364,6.2418,354.0500,338.7037,355.1786,0.1241,0.0936,0.0676,0102,1,2,-3.3709,0.2231,5.0540,-3.3709,-1.6269,4.5040
2020-09-29 10:51:50.9601,10:51:50.9601,7266,2020-09-29,1.2532,429454.732589,429338.91606598,0020200929104957,False,False,None,0.0000,False,NULL,NULL,NULL,True,None,-0.5910,0.2768,0.7577,-0.6033,0.2706,0.7501,0,0,Playing,60.0000,Normal,51.1123,8.8877,7,9,5.0000,3.2000,3.0000,0.6000,0.4000,None,Pointer Shoot,PointerEvent,NULL,NULL,NULL,NULL,NULL,NULL,NULL,NULL,NULL,NULL,NULL,NULL,NULL,NULL,NULL,NULL,NULL,NULL,NULL,NULL,NULL,NULL,NULL,NULL,NULL,NULL,NULL,NULL,NULL,NULL,NULL,NULL,NULL,NULL,NULL,NULL,NULL,NULL,NULL,NULL,NULL,NULL,NULL,NULL,NULL,NULL,NULL,NULL,NULL,NULL,NULL,NULL,NULL,NULL,NULL,NULL,NULL,NULL,NULL,NULL,NULL,NULL,NULL,NULL,NULL,NULL,NULL,NULL,NULL,NULL,NULL,NULL,NULL,NULL,NULL,NULL
2020-09-29 10:51:50.9621,10:51:50.9621,7266,2020-09-29,0.0000,429454.735008,429338.91606598,0020200929104957,False,False,None,0.0000,False,NULL,NULL,NULL,True,None,-0.5910,0.2768,0.7577,-0.6033,0.2706,0.7501,0,0,Playing,60.0000,Normal,51.1123,8.8877,7,9,5.0000,3.2000,3.0000,0.6000,0.4000,None,Mole Hit,MoleEvent,-3.3709,2.6816,5.2478,-3.3709,0.8316,4.6978,0.4762,4.0000,1.2436,0105,1,5,0.0000,0.6667,0.0826,-0.0322,0.0599,1.1473,1.1844,343.9334,322.0473,11.2189,0.0000,0.0000,0.0000,0.0000,0.0000,0.0000,-0.0543,1.5093,0.8958,356.6298,325.1522,7.1656,0.0000,0.0000,0.0000,0.0000,0.0000,0.0000,0.0000,0.0000,0.0000,0.0000,0.0000,0.0000,0.0000,0.0000,0.0000,0.0000,0.0000,0.0000,0.0000,0.0000,0.0000,0.0000,0.0000,0.0000,-3.2831,2.6467,5.3403,343.9334,322.0473,11.2189,0.0000,0.0000,0.0000,0105,1,5,-3.3709,2.6816,5.2478,-3.3709,0.8316,4.6978
2020-09-29 10:51:51.7048,10:51:51.7058,7299,2020-09-29,0.7447,429455.477928,429338.91606598,0020200929104957,False,False,None,0.0000,False,NULL,NULL,NULL,True,None,-0.5910,0.2768,0.7577,-0.6033,0.2706,0.7501,0,0,Playing,60.0000,Normal,51.8640,8.1360,7,9,5.0000,3.2000,3.0000,0.6000,0.4000,None,Mole Spawned,MoleEvent,1.8916,3.4769,5.9637,1.8916,1.6269,5.4137,0.6366,4.0000,NULL,0706,7,6,0.7500,0.8333,NULL,NULL,0.1688,1.1117,1.2325,354.6119,359.4362,346.2827,0.0011,0.0009,0.0011,0.1461,0.4528,0.0484,-0.0152,1.5150,0.9040,353.2694,355.6387,3.4212,0.1788,2.2520,0.3475,0.0000,0.0000,0.0000,0.0000,0.0000,0.0000,0.0000,0.0000,0.0000,0.0000,0.0000,0.0000,0.0000,0.0000,0.0000,0.0000,0.0000,0.0000,0.0000,0.0000,0.0000,0.0643,1.5719,6.5400,354.6119,359.4362,346.2827,0.0349,0.0202,0.1339,0105,1,5,-3.3709,2.6816,5.2478,-3.3709,0.8316,4.6978
2020-09-29 10:51:52.7640,10:51:52.7640,7343,2020-09-29,1.0483,429456.536359,429338.91606598,0020200929104957,False,False,None,0.0000,False,NULL,NULL,NULL,True,None,0.3052,0.4059,0.8615,0.2966,0.3922,0.8707,0,0,Playing,60.0000,Normal,52.9181,7.0819,7,9,5.0000,3.2000,3.0000,0.6000,0.4000,None,Pointer Shoot,PointerEvent,NULL,NULL,NULL,NULL,NULL,NULL,NULL,NULL,NULL,NULL,NULL,NULL,NULL,NULL,NULL,NULL,NULL,NULL,NULL,NULL,NULL,NULL,NULL,NULL,NULL,NULL,NULL,NULL,NULL,NULL,NULL,NULL,NULL,NULL,NULL,NULL,NULL,NULL,NULL,NULL,NULL,NULL,NULL,NULL,NULL,NULL,NULL,NULL,NULL,NULL,NULL,NULL,NULL,NULL,NULL,NULL,NULL,NULL,NULL,NULL,NULL,NULL,NULL,NULL,NULL,NULL,NULL,NULL,NULL,NULL,NULL,NULL,NULL,NULL,NULL,NULL
2020-09-29 10:51:52.7660,10:51:52.7660,7343,2020-09-29,0.0000,429456.53861,429338.91606598,0020200929104957,False,False,None,0.0000,False,NULL,NULL,NULL,True,None,0.3052,0.4059,0.8615,0.2966,0.3922,0.8707,0,0,Playing,60.0000,Normal,52.9181,7.0819,7,9,5.0000,3.2000,3.0000,0.6000,0.4000,None,Mole Hit,MoleEvent,1.8916,3.4769,5.9637,1.8916,1.6269,5.4137,0.6340,4.0000,1.0541,0706,7,6,0.7500,0.8333,-0.0276,-0.1422,0.2188,1.1588,1.2056,336.0543,19.5080,354.4714,0.0000,0.0000,0.0000,0.0000,0.0000,0.0000,0.0220,1.5145,0.8997,353.8539,15.3637,359.9284,0.0000,0.0000,0.0000,0.0000,0.0000,0.0000,0.0000,0.0000,0.0000,0.0000,0.0000,0.0000,0.0000,0.0000,0.0000,0.0000,0.0000,0.0000,0.0000,0.0000,0.0000,0.0000,0.0000,0.0000,1.8612,3.3307,6.0280,336.0543,19.5080,354.4714,0.0000,0.0000,0.0000,0706,7,6,1.8916,3.4769,5.9637,1.8916,1.6269,5.4137
2020-09-29 10:51:53.8391,10:51:53.8391,7378,2020-09-29,1.0822,429457.611695,429338.91606598,0020200929104957,False,False,None,0.0000,False,NULL,NULL,NULL,True,None,0.3052,0.4059,0.8615,0.2966,0.3922,0.8707,0,0,Playing,60.0000,Normal,53.9919,6.0081,7,9,5.0000,3.2000,3.0000,0.6000,0.4000,None,Fake Mole Spawned,MoleEvent,0.0000,0.2231,6.2906,0.0000,-1.6269,5.7406,0.5999,4.0000,NULL,0502,5,2,0.5000,0.1667,NULL,NULL,0.1858,1.1126,1.2261,351.8037,6.2875,351.8316,0.0001,0.0001,0.0001,0.0369,0.0251,0.1477,0.0104,1.5072,0.9057,358.8399,4.5782,0.3202,0.1122,0.0299,0.0544,0.0000,0.0000,0.0000,0.0000,0.0000,0.0000,0.0000,0.0000,0.0000,0.0000,0.0000,0.0000,0.0000,0.0000,0.0000,0.0000,0.0000,0.0000,0.0000,0.0000,0.0000,0.7699,1.8846,6.5001,351.8037,6.2875,351.8316,0.0022,0.0084,0.0005,0706,7,6,1.8916,3.4769,5.9637,1.8916,1.6269,5.4137
2020-09-29 10:51:56.2591,10:51:56.2591,7482,2020-09-29,2.4119,429460.031727,429338.91606598,0020200929104957,False,False,None,0.0000,False,NULL,NULL,NULL,True,None,0.3052,0.4059,0.8615,0.2966,0.3922,0.8707,0,0,Playing,60.0000,Normal,56.4082,3.5918,7,9,5.0000,3.2000,3.0000,0.6000,0.4000,None,Mole Spawned,MoleEvent,0.0000,2.6816,6.4844,0.0000,0.8316,5.9344,0.5999,4.0000,NULL,0505,5,5,0.5000,0.6667,NULL,NULL,0.1491,1.1188,1.2215,350.0499,353.8248,358.5686,0.0002,0.0001,0.0001,0.0610,0.0499,0.0565,0.0163,1.5024,0.9150,2.3247,8.0970,0.6663,0.1070,0.0122,0.0301,0.0000,0.0000,0.0000,0.0000,0.0000,0.0000,0.0000,0.0000,0.0000,0.0000,0.0000,0.0000,0.0000,0.0000,0.0000,0.0000,0.0000,0.0000,0.0000,0.0000,0.0000,-0.4359,2.0755,6.6447,350.0499,353.8248,358.5686,0.0005,0.0025,0.0002,0706,7,6,1.8916,3.4769,5.9637,1.8916,1.6269,5.4137
2020-09-29 10:51:57.0544,10:51:57.0544,7516,2020-09-29,0.8078,429460.827432,429338.91606598,0020200929104957,False,False,None,0.0000,False,NULL,NULL,NULL,True,None,0.0008,0.2726,0.9621,-0.0070,0.2737,0.9618,0,0,Playing,60.0000,Normal,57.2160,2.7841,7,9,5.0000,3.2000,3.0000,0.6000,0.4000,None,Pointer Shoot,PointerEvent,NULL,NULL,NULL,NULL,NULL,NULL,NULL,NULL,NULL,NULL,NULL,NULL,NULL,NULL,NULL,NULL,NULL,NULL,NULL,NULL,NULL,NULL,NULL,NULL,NULL,NULL,NULL,NULL,NULL,NULL,NULL,NULL,NULL,NULL,NULL,NULL,NULL,NULL,NULL,NULL,NULL,NULL,NULL,NULL,NULL,NULL,NULL,NULL,NULL,NULL,NULL,NULL,NULL,NULL,NULL,NULL,NULL,NULL,NULL,NULL,NULL,NULL,NULL,NULL,NULL,NULL,NULL,NULL,NULL,NULL,NULL,NULL,NULL,NULL,NULL,NULL
2020-09-29 10:51:57.0584,10:51:57.0584,7516,2020-09-29,0.0000,429460.830785,429338.91606598,0020200929104957,False,False,None,0.0000,False,NULL,NULL,NULL,True,None,0.0008,0.2726,0.9621,-0.0070,0.2737,0.9618,0,0,Playing,60.0000,Normal,57.2160,2.7841,7,9,5.0000,3.2000,3.0000,0.6000,0.4000,None,Mole Hit,MoleEvent,0.0000,2.6816,6.4844,0.0000,0.8316,5.9344,0.5982,4.0000,0.8077,0505,5,5,0.5000,0.6667,0.1264,-0.0451,0.1648,1.1347,1.2148,344.1798,0.0493,357.6960,0.0000,0.0000,0.0000,0.0000,0.0000,0.0000,0.0129,1.5033,0.9149,1.7153,5.1720,0.2775,0.0000,0.0000,0.0000,0.0000,0.0000,0.0000,0.0000,0.0000,0.0000,0.0000,0.0000,0.0000,0.0000,0.0000,0.0000,0.0000,0.0000,0.0000,0.0000,0.0000,0.0000,0.0000,0.0000,0.0000,0.1264,2.6339,6.4833,344.1798,0.0493,357.6960,0.0000,0.0000,0.0000,0505,5,5,0.0000,2.6816,6.4844,0.0000,0.8316,5.9344
2020-09-29 10:51:57.8468,10:51:57.8468,7548,2020-09-29,0.7905,429461.619271,429338.91606598,0020200929104957,False,False,None,0.0000,False,NULL,NULL,NULL,True,None,0.0008,0.2726,0.9621,-0.0070,0.2737,0.9618,0,0,Playing,60.0000,Normal,58.0031,1.9969,7,9,5.0000,3.2000,3.0000,0.6000,0.4000,None,Fake Mole Expired,MoleEvent,0.0000,0.2231,6.2906,0.0000,-1.6269,5.7406,0.5999,4.0000,NULL,0502,5,2,0.5000,0.1667,NULL,NULL,0.1691,1.1187,1.2230,349.9942,0.3802,355.7585,0.0001,0.0004,0.0002,0.1648,0.0304,0.0316,0.0142,1.5047,0.9130,0.8121,5.9369,0.0191,0.0803,0.0384,0.0081,0.0000,0.0000,0.0000,0.0000,0.0000,0.0000,0.0000,0.0000,0.0000,0.0000,0.0000,0.0000,0.0000,0.0000,0.0000,0.0000,0.0000,0.0000,0.0000,0.0000,0.0000,0.2060,2.0948,6.6629,349.9942,0.3802,355.7585,0.0018,0.0093,0.0009,0505,5,5,0.0000,2.6816,6.4844,0.0000,0.8316,5.9344
2020-09-29 10:51:58.4786,10:51:58.4786,7573,2020-09-29,0.6322,429462.250724,429338.91606598,0020200929104957,False,False,None,0.0000,False,NULL,NULL,NULL,True,None,0.0008,0.2726,0.9621,-0.0070,0.2737,0.9618,0,0,Playing,60.0000,Normal,58.6341,1.3659,7,9,5.0000,3.2000,3.0000,0.6000,0.4000,None,Fake Mole Spawned,MoleEvent,-1.8916,4.2011,5.6501,-1.8916,2.3511,5.1001,0.6774,4.0000,NULL,0307,3,7,0.2500,1.0000,NULL,NULL,0.1689,1.1191,1.2240,350.4005,0.2845,356.2701,0.0001,0.0006,0.0001,0.1142,0.0250,0.1144,0.0118,1.5060,0.9112,359.8723,5.7246,0.3262,0.0023,0.0606,0.0142,0.0000,0.0000,0.0000,0.0000,0.0000,0.0000,0.0000,0.0000,0.0000,0.0000,0.0000,0.0000,0.0000,0.0000,0.0000,0.0000,0.0000,0.0000,0.0000,0.0000,0.0000,0.1944,2.0243,6.5401,350.4005,0.2845,356.2701,0.0002,0.0014,0.0000,0505,5,5,0.0000,2.6816,6.4844,0.0000,0.8316,5.9344
2020-09-29 10:52:20.6126,10:52:20.6126,7620,2020-09-29,1.3881,429484.385002,429338.91606598,0020200929104957,False,False,None,0.0000,False,NULL,NULL,NULL,True,None,0.0008,0.2726,0.9621,-0.0070,0.2737,0.9618,0,0,Playing,60.0000,Normal,60.0000,0.0000,7,9,5.0000,3.2000,3.0000,0.6000,0.4000,None,Game Finished,GameEvent,NULL,NULL,NULL,NULL,NULL,NULL,NULL,NULL,NULL,NULL,NULL,NULL,NULL,NULL,NULL,NULL,NULL,NULL,NULL,NULL,NULL,NULL,NULL,NULL,NULL,NULL,NULL,NULL,NULL,NULL,NULL,NULL,NULL,NULL,NULL,NULL,NULL,NULL,NULL,NULL,NULL,NULL,NULL,NULL,NULL,NULL,NULL,NULL,NULL,NULL,NULL,NULL,NULL,NULL,NULL,NULL,NULL,NULL,NULL,NULL,NULL,NULL,NULL,NULL,NULL,NULL,NULL,NULL,NULL,NULL,NULL,NULL,NULL,NULL,NULL,NULL
